,Interval,Time_min,video,SSI_mo_ch
0,1,0.0,MAPA029,0.0732782287259
1,2,0.5,MAPA029,0.0485655249585
2,3,1.0,MAPA029,0.0482734774503
3,4,1.5,MAPA029,0.00518798775254
4,5,2.0,MAPA029,0.000366687101806
5,6,2.5,MAPA029,0.146474294534
6,7,3.0,MAPA029,0.0618200462662
7,8,3.5,MAPA029,0.0826692633092
8,9,4.0,MAPA029,0.0429058104846
9,10,4.5,MAPA029,0.0530613310985
10,11,5.0,MAPA029,0.101793797121
11,12,5.5,MAPA029,0.00036362792501
12,13,6.0,MAPA029,0.0488072340407
13,14,6.5,MAPA029,0.0499776062237
