,Interval,Time_min,video,SSI_mo_ch
0,1,0.0,MAPA029,0.103902199439
1,2,0.5,MAPA029,0.0334636131219
2,3,1.0,MAPA029,0.113157555645
3,4,1.5,MAPA029,0.00504010119394
4,5,2.0,MAPA029,0.000180841433796
5,6,2.5,MAPA029,0.0387389529239
6,7,3.0,MAPA029,0.12329412158
7,8,3.5,MAPA029,0.0343820107768
8,9,4.0,MAPA029,0.000599207052371
9,10,4.5,MAPA029,0.0304695588055
10,11,5.0,MAPA029,0.0291170225501
11,12,5.5,MAPA029,0.000977798473941
12,13,6.0,MAPA029,0.014355800742
13,14,6.5,MAPA029,0.0453439074594
